PASSING_ATT,PASSING_CMP,PASSING_YDS,PASSING_TDS,PASSING_INTS,RUSHING_ATT,RUSHING_YDS,RUSHING_TDS,MISC_FL,MISC_FPTS,POSITION,SCRAPE_DATE,RECEIVING_REC,RECEIVING_YDS,RECEIVING_TDS,FG,FGA,XPT,FPTS,SACK,INT,FR,FF,TD,SAFETY,PA,YDS_AGN,PLAYER,FANTASY_PTS,OVERALL_RANK
480.4,321.0,3923.2,32.5,8.3,134.7,827.9,3.9,4.5,375.6,QB,2025-08-14 15:04:24,0.0,0.0,0.0,0.0,0.0,0.0,0.0,0.0,0.0,0.0,0.0,0.0,0.0,0.0,0.0,Lamar Jackson BAL,367.52,1
522.4,334.7,3914.7,29.0,10.5,115.7,571.8,10.7,3.4,376.7,QB,2025-08-14 15:04:24,0.0,0.0,0.0,0.0,0.0,0.0,0.0,0.0,0.0,0.0,0.0,0.0,0.0,0.0,0.0,Josh Allen BUF,366.17,2
461.5,311.7,3536.8,23.7,8.9,147.2,633.0,12.6,3.9,358.7,QB,2025-08-14 15:04:24,0.0,0.0,0.0,0.0,0.0,0.0,0.0,0.0,0.0,0.0,0.0,0.0,0.0,0.0,0.0,Jalen Hurts PHI,349.57,3
536.2,364.4,3899.3,26.9,10.7,136.5,746.8,5.6,2.5,355.8,QB,2025-08-14 15:04:24,0.0,0.0,0.0,0.0,0.0,0.0,0.0,0.0,0.0,0.0,0.0,0.0,0.0,0.0,0.0,Jayden Daniels WAS,345.45,4
626.7,434.1,4635.9,35.9,10.5,48.2,180.1,2.1,3.8,341.6,QB,2025-08-14 15:04:24,0.0,0.0,0.0,0.0,0.0,0.0,0.0,0.0,0.0,0.0,0.0,0.0,0.0,0.0,0.0,Joe Burrow CIN,331.05,5
604.9,409.8,4272.4,30.2,12.1,76.4,371.3,2.9,2.5,328.8,QB,2025-08-14 15:04:24,0.0,0.0,0.0,0.0,0.0,0.0,0.0,0.0,0.0,0.0,0.0,0.0,0.0,0.0,0.0,Patrick Mahomes II KC,317.03,6
543.2,370.9,3856.4,24.5,11.2,88.6,551.3,5.1,3.8,319.1,QB,2025-08-14 15:04:24,0.0,0.0,0.0,0.0,0.0,0.0,0.0,0.0,0.0,0.0,0.0,0.0,0.0,0.0,0.0,Kyler Murray ARI,307.99,7
558.6,386.9,4191.9,33.1,14.7,64.2,287.6,2.6,3.9,321.6,QB,2025-08-14 15:04:24,0.0,0.0,0.0,0.0,0.0,0.0,0.0,0.0,0.0,0.0,0.0,0.0,0.0,0.0,0.0,Baker Mayfield TB,307.24,8
525.2,351.4,4305.1,27.1,12.7,65.2,281.2,3.6,2.9,312.1,QB,2025-08-14 15:04:24,0.0,0.0,0.0,0.0,0.0,0.0,0.0,0.0,0.0,0.0,0.0,0.0,0.0,0.0,0.0,Brock Purdy SF,299.12,9
560.6,366.4,3807.8,27.3,12.1,88.7,421.7,3.5,2.0,308.8,QB,2025-08-14 15:04:24,0.0,0.0,0.0,0.0,0.0,0.0,0.0,0.0,0.0,0.0,0.0,0.0,0.0,0.0,0.0,Bo Nix DEN,296.48,10
504.9,314.1,3288.5,19.6,11.0,133.3,736.8,6.0,3.8,301.1,QB,2025-08-14 15:04:24,0.0,0.0,0.0,0.0,0.0,0.0,0.0,0.0,0.0,0.0,0.0,0.0,0.0,0.0,0.0,Justin Fields NYJ,290.02,11
540.0,354.0,3976.2,25.8,8.6,65.4,272.1,2.6,2.5,291.5,QB,2025-08-14 15:04:24,0.0,0.0,0.0,0.0,0.0,0.0,0.0,0.0,0.0,0.0,0.0,0.0,0.0,0.0,0.0,Justin Herbert LAC,282.86,12
600.8,395.4,4251.2,27.6,12.2,42.7,179.2,1.9,3.0,291.5,QB,2025-08-14 15:04:24,0.0,0.0,0.0,0.0,0.0,0.0,0.0,0.0,0.0,0.0,0.0,0.0,0.0,0.0,0.0,Dak Prescott DAL,279.37,13
554.0,383.4,4391.6,30.5,11.5,32.7,68.9,0.6,2.9,290.8,QB,2025-08-14 15:04:24,0.0,0.0,0.0,0.0,0.0,0.0,0.0,0.0,0.0,0.0,0.0,0.0,0.0,0.0,0.0,Jared Goff DET,279.35,14
563.5,367.0,4086.7,28.1,14.5,57.3,258.1,2.0,3.8,291.6,QB,2025-08-14 15:04:24,0.0,0.0,0.0,0.0,0.0,0.0,0.0,0.0,0.0,0.0,0.0,0.0,0.0,0.0,0.0,J.J. McCarthy MIN,277.08,15
562.5,357.5,3762.1,23.6,10.3,87.4,472.1,2.4,4.5,287.5,QB,2025-08-14 15:04:24,0.0,0.0,0.0,0.0,0.0,0.0,0.0,0.0,0.0,0.0,0.0,0.0,0.0,0.0,0.0,Caleb Williams CHI,276.89,16
0.0,0.0,0.0,0.0,0.0,327.8,1661.5,10.8,1.4,273.1,RB,2025-08-14 15:04:27,41.9,318.2,2.2,0.0,0.0,0.0,0.0,0.0,0.0,0.0,0.0,0.0,0.0,0.0,0.0,Saquon Barkley PHI,273.17,17
556.6,358.1,4049.9,24.9,10.6,59.1,258.1,1.7,3.7,279.8,QB,2025-08-14 15:04:24,0.0,0.0,0.0,0.0,0.0,0.0,0.0,0.0,0.0,0.0,0.0,0.0,0.0,0.0,0.0,C.J. Stroud HOU,269.01,18
510.7,327.6,3917.1,27.7,12.2,41.4,166.7,1.9,2.5,278.5,QB,2025-08-14 15:04:24,0.0,0.0,0.0,0.0,0.0,0.0,0.0,0.0,0.0,0.0,0.0,0.0,0.0,0.0,0.0,Jordan Love GB,266.15,19
0.0,0.0,0.0,0.0,0.0,304.4,1420.0,11.4,1.4,263.2,RB,2025-08-14 15:04:27,56.9,427.9,2.1,0.0,0.0,0.0,0.0,0.0,0.0,0.0,0.0,0.0,0.0,0.0,0.0,Bijan Robinson ATL,262.99,20
553.4,355.3,3981.6,23.3,13.2,54.8,253.6,3.0,4.1,274.7,QB,2025-08-14 15:04:24,0.0,0.0,0.0,0.0,0.0,0.0,0.0,0.0,0.0,0.0,0.0,0.0,0.0,0.0,0.0,Trevor Lawrence JAC,261.22,21
520.4,346.9,3572.1,22.0,12.9,75.2,477.0,3.0,4.8,274.0,QB,2025-08-14 15:04:24,0.0,0.0,0.0,0.0,0.0,0.0,0.0,0.0,0.0,0.0,0.0,0.0,0.0,0.0,0.0,Drake Maye NE,261.18,22
0.0,0.0,0.0,0.0,0.0,239.9,1239.5,11.7,1.3,258.9,RB,2025-08-14 15:04:27,57.7,508.8,2.8,0.0,0.0,0.0,0.0,0.0,0.0,0.0,0.0,0.0,0.0,0.0,0.0,Jahmyr Gibbs DET,259.23,23
564.1,370.5,4141.5,26.5,11.0,30.0,73.4,0.7,2.8,266.7,QB,2025-08-14 15:04:24,0.0,0.0,0.0,0.0,0.0,0.0,0.0,0.0,0.0,0.0,0.0,0.0,0.0,0.0,0.0,Matthew Stafford LAR,255.6,24
576.8,400.2,4151.2,26.1,12.0,26.8,85.4,0.5,3.6,262.9,QB,2025-08-14 15:04:24,0.0,0.0,0.0,0.0,0.0,0.0,0.0,0.0,0.0,0.0,0.0,0.0,0.0,0.0,0.0,Tua Tagovailoa MIA,250.79,25
556.0,354.1,3619.5,21.5,12.0,53.2,295.2,3.5,3.5,262.5,QB,2025-08-14 15:04:24,0.0,0.0,0.0,0.0,0.0,0.0,0.0,0.0,0.0,0.0,0.0,0.0,0.0,0.0,0.0,Bryce Young CAR,250.3,26
541.8,347.4,3917.7,23.5,13.2,52.1,196.4,2.1,3.2,263.4,QB,2025-08-14 15:04:24,0.0,0.0,0.0,0.0,0.0,0.0,0.0,0.0,0.0,0.0,0.0,0.0,0.0,0.0,0.0,Michael Penix Jr. ATL,250.15,27
0.0,0.0,0.0,0.0,0.0,295.2,1508.5,13.3,1.4,248.4,RB,2025-08-14 15:04:27,16.4,153.1,0.9,0.0,0.0,0.0,0.0,0.0,0.0,0.0,0.0,0.0,0.0,0.0,0.0,Derrick Henry BAL,248.56,28
570.0,382.4,3981.5,21.8,13.5,54.3,242.5,1.7,2.8,261.8,QB,2025-08-14 15:04:24,0.0,0.0,0.0,0.0,0.0,0.0,0.0,0.0,0.0,0.0,0.0,0.0,0.0,0.0,0.0,Geno Smith LV,248.31,29
557.0,364.8,3885.3,23.0,14.1,58.7,202.6,1.8,3.8,257.0,QB,2025-08-14 15:04:24,0.0,0.0,0.0,0.0,0.0,0.0,0.0,0.0,0.0,0.0,0.0,0.0,0.0,0.0,0.0,Sam Darnold SEA,242.67,30
520.3,331.9,3592.2,21.6,13.9,74.3,330.5,2.4,4.1,255.0,QB,2025-08-14 15:04:24,0.0,0.0,0.0,0.0,0.0,0.0,0.0,0.0,0.0,0.0,0.0,0.0,0.0,0.0,0.0,Cameron Ward TEN,241.54,31
0.0,0.0,0.0,0.0,0.0,1.6,12.7,0.0,0.6,231.2,WR,2025-08-14 15:04:30,120.7,1577.7,12.2,0.0,0.0,0.0,0.0,0.0,0.0,0.0,0.0,0.0,0.0,0.0,0.0,Ja'Marr Chase CIN,231.04,32
0.0,0.0,0.0,0.0,0.0,233.2,1062.6,7.9,1.8,228.4,RB,2025-08-14 15:04:27,65.1,570.1,3.6,0.0,0.0,0.0,0.0,0.0,0.0,0.0,0.0,0.0,0.0,0.0,0.0,Christian McCaffrey SF,228.67,33
543.0,348.3,3748.3,22.9,9.7,22.4,80.6,0.4,2.8,237.0,QB,2025-08-14 15:04:24,0.0,0.0,0.0,0.0,0.0,0.0,0.0,0.0,0.0,0.0,0.0,0.0,0.0,0.0,0.0,Aaron Rodgers PIT,226.99,34
0.0,0.0,0.0,0.0,0.0,284.2,1211.8,11.3,1.5,226.1,RB,2025-08-14 15:04:27,38.1,316.0,1.5,0.0,0.0,0.0,0.0,0.0,0.0,0.0,0.0,0.0,0.0,0.0,0.0,Josh Jacobs GB,226.58,35
0.0,0.0,0.0,0.0,0.0,223.3,1032.9,7.8,1.3,223.1,RB,2025-08-14 15:04:27,69.5,513.7,4.1,0.0,0.0,0.0,0.0,0.0,0.0,0.0,0.0,0.0,0.0,0.0,0.0,De'Von Achane MIA,223.46,36
0.0,0.0,0.0,0.0,0.0,273.0,1204.0,9.0,2.4,217.4,RB,2025-08-14 15:04:27,46.3,366.3,1.9,0.0,0.0,0.0,0.0,0.0,0.0,0.0,0.0,0.0,0.0,0.0,0.0,Ashton Jeanty LV,217.63,37
0.0,0.0,0.0,0.0,0.0,297.7,1359.2,9.6,1.6,216.5,RB,2025-08-14 15:04:27,25.7,194.4,1.1,0.0,0.0,0.0,0.0,0.0,0.0,0.0,0.0,0.0,0.0,0.0,0.0,Jonathan Taylor IND,216.36,38
0.0,0.0,0.0,0.0,0.0,275.7,1192.4,11.2,2.3,213.0,RB,2025-08-14 15:04:27,33.7,213.8,1.7,0.0,0.0,0.0,0.0,0.0,0.0,0.0,0.0,0.0,0.0,0.0,0.0,Kyren Williams LAR,213.42,39
0.0,0.0,0.0,0.0,0.0,0.5,2.2,0.0,0.6,205.1,WR,2025-08-14 15:04:30,106.4,1478.9,9.7,0.0,0.0,0.0,0.0,0.0,0.0,0.0,0.0,0.0,0.0,0.0,0.0,Justin Jefferson MIN,205.11,40
0.0,0.0,0.0,0.0,0.0,234.7,1110.7,8.3,1.4,202.5,RB,2025-08-14 15:04:27,44.4,343.3,1.7,0.0,0.0,0.0,0.0,0.0,0.0,0.0,0.0,0.0,0.0,0.0,0.0,Bucky Irving TB,202.6,41
0.0,0.0,0.0,0.0,0.0,222.0,1049.7,9.5,1.4,196.1,RB,2025-08-14 15:04:27,31.4,258.5,1.9,0.0,0.0,0.0,0.0,0.0,0.0,0.0,0.0,0.0,0.0,0.0,0.0,James Cook BUF,196.42,42
0.0,0.0,0.0,0.0,0.0,234.6,984.0,7.8,1.4,196.3,RB,2025-08-14 15:04:27,54.0,377.5,2.7,0.0,0.0,0.0,0.0,0.0,0.0,0.0,0.0,0.0,0.0,0.0,0.0,Chase Brown CIN,196.35,43
0.0,0.0,0.0,0.0,0.0,9.2,59.4,0.3,1.0,193.3,WR,2025-08-14 15:04:30,111.7,1394.4,8.0,0.0,0.0,0.0,0.0,0.0,0.0,0.0,0.0,0.0,0.0,0.0,0.0,CeeDee Lamb DAL,193.18,44
348.5,193.4,2269.2,13.3,10.7,98.5,481.6,4.6,3.1,203.1,QB,2025-08-14 15:04:24,0.0,0.0,0.0,0.0,0.0,0.0,0.0,0.0,0.0,0.0,0.0,0.0,0.0,0.0,0.0,Anthony Richardson Sr. IND,192.13,45
0.0,0.0,0.0,0.0,0.0,10.7,61.4,0.6,0.6,187.7,WR,2025-08-14 15:04:30,105.7,1374.2,7.0,0.0,0.0,0.0,0.0,0.0,0.0,0.0,0.0,0.0,0.0,0.0,0.0,Puka Nacua LAR,187.96,46
421.6,269.2,2852.0,15.2,8.1,51.1,215.3,1.9,2.6,194.2,QB,2025-08-14 15:04:24,0.0,0.0,0.0,0.0,0.0,0.0,0.0,0.0,0.0,0.0,0.0,0.0,0.0,0.0,0.0,Russell Wilson NYG,186.41,47
0.0,0.0,0.0,0.0,0.0,0.0,1.6,0.0,0.5,183.5,WR,2025-08-14 15:04:30,92.0,1313.4,8.9,0.0,0.0,0.0,0.0,0.0,0.0,0.0,0.0,0.0,0.0,0.0,0.0,Nico Collins HOU,183.9,48
0.0,0.0,0.0,0.0,0.0,2.6,12.2,0.0,0.6,183.3,WR,2025-08-14 15:04:30,106.6,1338.5,8.2,0.0,0.0,0.0,0.0,0.0,0.0,0.0,0.0,0.0,0.0,0.0,0.0,Malik Nabers NYG,183.07,49
0.0,0.0,0.0,0.0,0.0,213.9,971.1,7.8,1.4,182.6,RB,2025-08-14 15:04:27,41.2,314.9,1.7,0.0,0.0,0.0,0.0,0.0,0.0,0.0,0.0,0.0,0.0,0.0,0.0,James Conner ARI,182.8,50
0.0,0.0,0.0,0.0,0.0,224.5,1000.0,5.9,1.9,182.6,RB,2025-08-14 15:04:27,46.7,383.8,2.1,0.0,0.0,0.0,0.0,0.0,0.0,0.0,0.0,0.0,0.0,0.0,0.0,Breece Hall NYJ,182.58,51
0.0,0.0,0.0,0.0,0.0,3.8,25.1,0.0,0.6,182.1,WR,2025-08-14 15:04:30,91.8,1292.7,8.6,0.0,0.0,0.0,0.0,0.0,0.0,0.0,0.0,0.0,0.0,0.0,0.0,Brian Thomas Jr. JAC,182.18,52
0.0,0.0,0.0,0.0,0.0,234.8,968.3,8.2,1.3,182.0,RB,2025-08-14 15:04:27,43.3,309.2,1.3,0.0,0.0,0.0,0.0,0.0,0.0,0.0,0.0,0.0,0.0,0.0,0.0,Kenneth Walker III SEA,182.15,53
0.0,0.0,0.0,0.0,0.0,1.9,12.6,0.1,0.9,180.9,WR,2025-08-14 15:04:30,110.4,1267.7,9.1,0.0,0.0,0.0,0.0,0.0,0.0,0.0,0.0,0.0,0.0,0.0,0.0,Amon-Ra St. Brown DET,181.43,54
0.0,0.0,0.0,0.0,0.0,215.5,903.5,5.1,1.3,178.0,RB,2025-08-14 15:04:27,63.0,475.6,2.0,0.0,0.0,0.0,0.0,0.0,0.0,0.0,0.0,0.0,0.0,0.0,0.0,Alvin Kamara NO,177.91,55
0.0,0.0,0.0,0.0,0.0,213.0,938.2,8.3,2.1,175.3,RB,2025-08-14 15:04:27,34.7,268.8,1.5,0.0,0.0,0.0,0.0,0.0,0.0,0.0,0.0,0.0,0.0,0.0,0.0,Omarion Hampton LAC,175.3,56
0.0,0.0,0.0,0.0,0.0,229.8,1031.9,7.6,1.8,174.3,RB,2025-08-14 15:04:27,37.8,229.8,1.1,0.0,0.0,0.0,0.0,0.0,0.0,0.0,0.0,0.0,0.0,0.0,0.0,Chuba Hubbard CAR,174.77,57
0.0,0.0,0.0,0.0,0.0,0.0,0.0,0.0,0.9,172.8,WR,2025-08-14 15:04:30,84.8,1244.7,8.4,0.0,0.0,0.0,0.0,0.0,0.0,0.0,0.0,0.0,0.0,0.0,0.0,A.J. Brown PHI,173.07,58
425.1,265.1,2736.5,15.3,10.7,46.8,204.2,1.5,3.0,183.3,QB,2025-08-14 15:04:24,0.0,0.0,0.0,0.0,0.0,0.0,0.0,0.0,0.0,0.0,0.0,0.0,0.0,0.0,0.0,Tyler Shough NO,172.68,59
0.0,0.0,0.0,0.0,0.0,0.3,2.0,0.0,0.6,169.8,WR,2025-08-14 15:04:30,95.5,1217.7,8.2,0.0,0.0,0.0,0.0,0.0,0.0,0.0,0.0,0.0,0.0,0.0,0.0,Drake London ATL,169.97,60
0.0,0.0,0.0,0.0,0.0,7.2,40.3,0.1,0.6,168.4,WR,2025-08-14 15:04:30,94.2,1184.3,7.7,0.0,0.0,0.0,0.0,0.0,0.0,0.0,0.0,0.0,0.0,0.0,0.0,Tyreek Hill MIA,168.06,61
0.0,0.0,0.0,0.0,0.0,238.7,967.1,6.1,1.1,167.0,RB,2025-08-14 15:04:27,36.7,283.0,1.2,0.0,0.0,0.0,0.0,0.0,0.0,0.0,0.0,0.0,0.0,0.0,0.0,D'Andre Swift CHI,166.61,62
0.0,0.0,0.0,0.0,0.0,0.0,0.0,0.0,0.5,164.5,WR,2025-08-14 15:04:30,79.2,1063.4,9.9,0.0,0.0,0.0,0.0,0.0,0.0,0.0,0.0,0.0,0.0,0.0,0.0,Mike Evans TB,164.74,63
0.0,0.0,0.0,0.0,0.0,196.6,819.0,8.9,1.0,164.5,RB,2025-08-14 15:04:27,31.4,258.5,0.9,0.0,0.0,0.0,0.0,0.0,0.0,0.0,0.0,0.0,0.0,0.0,0.0,David Montgomery DET,164.55,64
0.0,0.0,0.0,0.0,0.0,0.0,1.4,0.0,0.7,164.0,WR,2025-08-14 15:04:30,90.5,1210.9,7.4,0.0,0.0,0.0,0.0,0.0,0.0,0.0,0.0,0.0,0.0,0.0,0.0,Ladd McConkey LAC,164.23,65
0.0,0.0,0.0,0.0,0.0,0.0,0.0,0.0,0.9,161.1,WR,2025-08-14 15:04:30,86.6,1093.9,8.9,0.0,0.0,0.0,0.0,0.0,0.0,0.0,0.0,0.0,0.0,0.0,0.0,Tee Higgins CIN,160.99,66
0.0,0.0,0.0,0.0,0.0,1.1,4.8,0.0,0.9,159.7,WR,2025-08-14 15:04:30,83.6,1115.4,8.2,0.0,0.0,0.0,0.0,0.0,0.0,0.0,0.0,0.0,0.0,0.0,0.0,Terry McLaurin WAS,159.42,67
0.0,0.0,0.0,0.0,0.0,206.7,822.4,7.5,0.9,159.2,RB,2025-08-14 15:04:27,33.4,258.7,1.3,0.0,0.0,0.0,0.0,0.0,0.0,0.0,0.0,0.0,0.0,0.0,0.0,Joe Mixon HOU,159.11,68
0.0,0.0,0.0,0.0,0.0,0.3,0.0,0.0,0.5,159.2,WR,2025-08-14 15:04:30,85.4,1101.6,8.3,0.0,0.0,0.0,0.0,0.0,0.0,0.0,0.0,0.0,0.0,0.0,0.0,Davante Adams LAR,158.96,69
0.0,0.0,0.0,0.0,0.0,198.6,890.7,4.6,1.8,158.9,RB,2025-08-14 15:04:27,44.1,325.8,2.2,0.0,0.0,0.0,0.0,0.0,0.0,0.0,0.0,0.0,0.0,0.0,0.0,Aaron Jones Sr. MIN,158.85,70
0.0,0.0,0.0,0.0,0.0,227.5,958.5,5.4,1.0,157.2,RB,2025-08-14 15:04:27,40.2,257.9,0.9,0.0,0.0,0.0,0.0,0.0,0.0,0.0,0.0,0.0,0.0,0.0,0.0,Tony Pollard TEN,157.44,71
0.0,0.0,0.0,0.0,0.0,0.0,1.2,0.0,1.3,154.9,WR,2025-08-14 15:04:30,77.8,1137.9,7.3,0.0,0.0,0.0,0.0,0.0,0.0,0.0,0.0,0.0,0.0,0.0,0.0,DK Metcalf PIT,155.11,72
0.0,0.0,0.0,0.0,0.0,202.4,891.8,5.7,1.7,154.8,RB,2025-08-14 15:04:27,33.3,258.5,1.5,0.0,0.0,0.0,0.0,0.0,0.0,0.0,0.0,0.0,0.0,0.0,0.0,TreVeyon Henderson NE,154.83,73
0.0,0.0,0.0,0.0,0.0,0.0,3.2,0.0,1.0,154.5,WR,2025-08-14 15:04:30,79.6,1098.9,7.7,0.0,0.0,0.0,0.0,0.0,0.0,0.0,0.0,0.0,0.0,0.0,0.0,Marvin Harrison Jr. ARI,154.41,74
0.0,0.0,0.0,0.0,0.0,2.6,20.5,0.0,0.6,152.8,WR,2025-08-14 15:04:30,94.7,1121.1,6.6,0.0,0.0,0.0,0.0,0.0,0.0,0.0,0.0,0.0,0.0,0.0,0.0,Jaxon Smith-Njigba SEA,152.56,75
0.0,0.0,0.0,0.0,0.0,0.0,0.0,0.0,0.5,149.7,TE,2025-08-14 15:04:33,106.0,1131.5,6.1,0.0,0.0,0.0,0.0,0.0,0.0,0.0,0.0,0.0,0.0,0.0,0.0,Brock Bowers LV,148.75,76
0.0,0.0,0.0,0.0,0.0,0.0,0.0,0.0,0.5,147.6,TE,2025-08-14 15:04:33,76.1,1037.1,7.5,0.0,0.0,0.0,0.0,0.0,0.0,0.0,0.0,0.0,0.0,0.0,0.0,George Kittle SF,147.71,77
0.0,0.0,0.0,0.0,0.0,15.7,84.6,1.5,0.5,146.5,WR,2025-08-14 15:04:30,70.6,874.0,7.1,0.0,0.0,0.0,0.0,0.0,0.0,0.0,0.0,0.0,0.0,0.0,0.0,Xavier Worthy KC,146.46,78
0.0,0.0,0.0,0.0,0.0,202.7,858.1,6.6,1.7,145.6,RB,2025-08-14 15:04:27,23.2,178.1,1.0,0.0,0.0,0.0,0.0,0.0,0.0,0.0,0.0,0.0,0.0,0.0,0.0,Kaleb Johnson PIT,145.82,79
0.0,0.0,0.0,0.0,0.0,196.7,809.6,7.3,1.4,145.6,RB,2025-08-14 15:04:27,23.4,175.8,1.0,0.0,0.0,0.0,0.0,0.0,0.0,0.0,0.0,0.0,0.0,0.0,0.0,Brian Robinson Jr. WAS,145.54,80
0.0,0.0,0.0,0.0,0.0,8.2,48.4,0.1,0.5,145.2,WR,2025-08-14 15:04:30,74.9,1028.7,6.3,0.0,0.0,0.0,0.0,0.0,0.0,0.0,0.0,0.0,0.0,0.0,0.0,Zay Flowers BAL,145.11,81
0.0,0.0,0.0,0.0,0.0,203.7,838.2,5.7,1.0,144.8,RB,2025-08-14 15:04:27,32.9,225.1,1.0,0.0,0.0,0.0,0.0,0.0,0.0,0.0,0.0,0.0,0.0,0.0,0.0,Isiah Pacheco KC,144.53,82
0.0,0.0,0.0,0.0,0.0,1.9,13.5,0.0,1.3,144.5,WR,2025-08-14 15:04:30,91.7,1095.7,6.0,0.0,0.0,0.0,0.0,0.0,0.0,0.0,0.0,0.0,0.0,0.0,0.0,Garrett Wilson NYJ,144.32,83
0.0,0.0,0.0,0.0,0.0,0.0,0.2,0.0,0.9,144.3,WR,2025-08-14 15:04:30,76.7,1016.3,7.4,0.0,0.0,0.0,0.0,0.0,0.0,0.0,0.0,0.0,0.0,0.0,0.0,Courtland Sutton DEN,144.25,84
0.0,0.0,0.0,0.0,0.0,9.5,54.0,0.1,0.9,142.7,WR,2025-08-14 15:04:30,86.7,1007.7,6.3,0.0,0.0,0.0,0.0,0.0,0.0,0.0,0.0,0.0,0.0,0.0,0.0,DJ Moore CHI,142.77,85
0.0,0.0,0.0,0.0,0.0,5.6,33.4,0.3,0.9,141.9,WR,2025-08-14 15:04:30,70.1,1027.0,6.0,0.0,0.0,0.0,0.0,0.0,0.0,0.0,0.0,0.0,0.0,0.0,0.0,Calvin Ridley TEN,142.04,86
0.0,0.0,0.0,0.0,0.0,7.4,63.4,0.8,0.5,141.6,WR,2025-08-14 15:04:30,60.4,958.3,6.0,0.0,0.0,0.0,0.0,0.0,0.0,0.0,0.0,0.0,0.0,0.0,0.0,Jameson Williams DET,141.97,87
0.0,0.0,0.0,0.0,0.0,174.0,761.6,5.2,1.0,140.9,RB,2025-08-14 15:04:27,33.6,257.3,1.6,0.0,0.0,0.0,0.0,0.0,0.0,0.0,0.0,0.0,0.0,0.0,0.0,RJ Harvey DEN,140.69,88
0.0,0.0,0.0,0.0,0.0,188.6,801.6,5.0,1.6,139.1,RB,2025-08-14 15:04:27,35.2,259.4,1.1,0.0,0.0,0.0,0.0,0.0,0.0,0.0,0.0,0.0,0.0,0.0,0.0,Tyrone Tracy Jr. NYG,139.5,89
0.0,0.0,0.0,0.0,0.0,0.0,0.0,0.0,0.5,139.4,TE,2025-08-14 15:04:33,104.4,1053.3,5.8,0.0,0.0,0.0,0.0,0.0,0.0,0.0,0.0,0.0,0.0,0.0,0.0,Trey McBride ARI,139.13,90
0.0,0.0,0.0,0.0,0.0,0.3,1.2,0.0,0.5,137.7,WR,2025-08-14 15:04:30,81.2,977.7,6.8,0.0,0.0,0.0,0.0,0.0,0.0,0.0,0.0,0.0,0.0,0.0,0.0,DeVonta Smith PHI,137.69,91
0.0,0.0,0.0,0.0,0.0,1.0,6.2,0.0,0.9,137.3,WR,2025-08-14 15:04:30,68.4,1001.7,6.4,0.0,0.0,0.0,0.0,0.0,0.0,0.0,0.0,0.0,0.0,0.0,0.0,George Pickens DAL,137.39,92
0.0,0.0,0.0,0.0,0.0,0.3,4.8,0.0,0.6,131.8,WR,2025-08-14 15:04:30,80.8,1081.7,4.1,0.0,0.0,0.0,0.0,0.0,0.0,0.0,0.0,0.0,0.0,0.0,0.0,Jerry Jeudy CLE,132.05,93
0.0,0.0,0.0,0.0,0.0,30.1,127.9,1.2,1.0,132.2,WR,2025-08-14 15:04:30,65.1,834.5,5.1,0.0,0.0,0.0,0.0,0.0,0.0,0.0,0.0,0.0,0.0,0.0,0.0,Deebo Samuel Sr. WAS,132.04,94
0.0,0.0,0.0,0.0,0.0,148.8,677.1,3.8,1.0,129.0,RB,2025-08-14 15:04:27,47.1,343.1,1.1,0.0,0.0,0.0,0.0,0.0,0.0,0.0,0.0,0.0,0.0,0.0,0.0,Jaylen Warren PIT,129.42,95
0.0,0.0,0.0,0.0,0.0,1.2,8.9,0.0,0.5,128.5,WR,2025-08-14 15:04:30,82.4,966.4,5.3,0.0,0.0,0.0,0.0,0.0,0.0,0.0,0.0,0.0,0.0,0.0,0.0,Jakobi Meyers LV,128.33,96
0.0,0.0,0.0,0.0,0.0,2.5,15.9,0.1,0.5,126.6,WR,2025-08-14 15:04:30,75.5,965.0,4.9,0.0,0.0,0.0,0.0,0.0,0.0,0.0,0.0,0.0,0.0,0.0,0.0,Jaylen Waddle MIA,127.09,97
0.0,0.0,0.0,0.0,0.0,3.6,15.7,0.1,0.6,125.8,WR,2025-08-14 15:04:30,69.7,919.4,5.5,0.0,0.0,0.0,0.0,0.0,0.0,0.0,0.0,0.0,0.0,0.0,0.0,Jauan Jennings SF,125.91,98
0.0,0.0,0.0,0.0,0.0,11.8,93.7,0.7,0.9,124.7,WR,2025-08-14 15:04:30,58.6,783.9,5.7,0.0,0.0,0.0,0.0,0.0,0.0,0.0,0.0,0.0,0.0,0.0,0.0,Jayden Reed GB,124.36,99
0.0,0.0,0.0,0.0,0.0,0.7,11.8,0.0,0.8,122.2,WR,2025-08-14 15:04:30,61.4,867.6,6.0,0.0,0.0,0.0,0.0,0.0,0.0,0.0,0.0,0.0,0.0,0.0,0.0,Matthew Golden GB,122.34,100
0.0,0.0,0.0,0.0,0.0,0.5,7.4,0.0,1.2,121.9,WR,2025-08-14 15:04:30,70.5,907.2,5.5,0.0,0.0,0.0,0.0,0.0,0.0,0.0,0.0,0.0,0.0,0.0,0.0,Tetairoa McMillan CAR,122.06,101
0.0,0.0,0.0,0.0,0.0,3.8,21.8,0.1,0.8,121.2,WR,2025-08-14 15:04:30,68.4,887.4,5.2,0.0,0.0,0.0,0.0,0.0,0.0,0.0,0.0,0.0,0.0,0.0,0.0,Travis Hunter JAC,121.12,102
0.0,0.0,0.0,0.0,0.0,1.3,8.0,0.0,0.9,119.2,WR,2025-08-14 15:04:30,65.6,880.4,5.4,0.0,0.0,0.0,0.0,0.0,0.0,0.0,0.0,0.0,0.0,0.0,0.0,Rome Odunze CHI,119.44,103
0.0,0.0,0.0,0.0,0.0,1.2,6.9,0.0,0.6,119.6,WR,2025-08-14 15:04:30,75.0,862.3,5.6,0.0,0.0,0.0,0.0,0.0,0.0,0.0,0.0,0.0,0.0,0.0,0.0,Chris Godwin TB,119.32,104
0.0,0.0,0.0,0.0,0.0,148.4,657.8,4.9,1.2,118.9,RB,2025-08-14 15:04:27,29.2,187.9,1.2,0.0,0.0,0.0,0.0,0.0,0.0,0.0,0.0,0.0,0.0,0.0,0.0,J.K. Dobbins DEN,118.77,105
0.0,0.0,0.0,0.0,0.0,7.0,50.0,0.3,0.6,118.3,WR,2025-08-14 15:04:30,60.0,815.3,5.2,0.0,0.0,0.0,0.0,0.0,0.0,0.0,0.0,0.0,0.0,0.0,0.0,Ricky Pearsall SF,118.33,106
0.0,0.0,0.0,0.0,0.0,0.3,3.8,0.0,0.5,118.3,WR,2025-08-14 15:04:30,52.4,822.6,6.1,0.0,0.0,0.0,0.0,0.0,0.0,0.0,0.0,0.0,0.0,0.0,0.0,Keon Coleman BUF,118.24,107
0.0,0.0,0.0,0.0,0.0,0.3,2.8,0.0,1.3,117.6,WR,2025-08-14 15:04:30,75.6,935.9,4.4,0.0,0.0,0.0,0.0,0.0,0.0,0.0,0.0,0.0,0.0,0.0,0.0,Chris Olave NO,117.67,108
0.0,0.0,0.0,0.0,0.0,1.1,4.3,0.0,0.6,117.7,WR,2025-08-14 15:04:30,70.5,829.6,5.9,0.0,0.0,0.0,0.0,0.0,0.0,0.0,0.0,0.0,0.0,0.0,0.0,Rashee Rice KC,117.59,109
0.0,0.0,0.0,0.0,0.0,174.9,645.7,4.2,0.9,117.5,RB,2025-08-14 15:04:27,35.9,229.5,1.1,0.0,0.0,0.0,0.0,0.0,0.0,0.0,0.0,0.0,0.0,0.0,0.0,Javonte Williams DAL,117.52,110
0.0,0.0,0.0,0.0,0.0,163.9,754.4,4.4,0.7,117.8,RB,2025-08-14 15:04:27,17.6,128.1,0.7,0.0,0.0,0.0,0.0,0.0,0.0,0.0,0.0,0.0,0.0,0.0,0.0,Jordan Mason MIN,117.45,111
0.0,0.0,0.0,0.0,0.0,0.0,0.0,0.0,0.8,117.3,TE,2025-08-14 15:04:33,59.9,721.0,7.8,0.0,0.0,0.0,0.0,0.0,0.0,0.0,0.0,0.0,0.0,0.0,0.0,Mark Andrews BAL,117.3,112
0.0,0.0,0.0,0.0,0.0,1.3,6.9,0.2,0.5,116.8,WR,2025-08-14 15:04:30,77.4,850.5,5.1,0.0,0.0,0.0,0.0,0.0,0.0,0.0,0.0,0.0,0.0,0.0,0.0,Stefon Diggs NE,116.54,113
0.0,0.0,0.0,0.0,0.0,0.0,0.0,0.0,0.0,0.0,DST,2025-08-14 15:04:39,0.0,0.0,0.0,0.0,0.0,0.0,116.3,52.4,12.5,11.1,15.7,2.6,0.5,341.3,5388.0,,116.2,114
0.0,0.0,0.0,0.0,0.0,0.0,0.0,0.0,0.0,0.0,DST,2025-08-14 15:04:39,0.0,0.0,0.0,0.0,0.0,0.0,116.3,45.4,14.0,12.8,21.2,2.7,0.5,344.6,5806.2,,116.2,115
0.0,0.0,0.0,0.0,0.0,0.0,0.0,0.0,0.4,115.6,TE,2025-08-14 15:04:33,67.9,763.9,6.7,0.0,0.0,0.0,0.0,0.0,0.0,0.0,0.0,0.0,0.0,0.0,0.0,Sam LaPorta DET,115.79,116
0.0,0.0,0.0,0.0,0.0,0.0,0.0,0.0,0.0,0.0,DST,2025-08-14 15:04:39,0.0,0.0,0.0,0.0,0.0,0.0,115.6,45.7,13.5,13.3,22.5,2.7,0.0,344.0,5510.1,,115.5,117
0.0,0.0,0.0,0.0,0.0,0.0,0.0,0.0,0.0,0.0,DST,2025-08-14 15:04:39,0.0,0.0,0.0,0.0,0.0,0.0,115.3,47.2,15.5,10.0,14.1,2.7,0.5,348.1,5478.1,,115.4,118
0.0,0.0,0.0,0.0,0.0,0.0,0.0,0.0,0.0,0.0,DST,2025-08-14 15:04:39,0.0,0.0,0.0,0.0,0.0,0.0,114.3,52.4,13.9,9.7,13.7,2.3,0.5,340.7,5350.5,,114.4,119
0.0,0.0,0.0,0.0,0.0,1.3,8.9,0.0,0.6,113.9,WR,2025-08-14 15:04:30,73.3,818.5,5.4,0.0,0.0,0.0,0.0,0.0,0.0,0.0,0.0,0.0,0.0,0.0,0.0,Cooper Kupp SEA,113.94,120
0.0,0.0,0.0,0.0,0.0,156.7,636.8,4.8,1.5,113.5,RB,2025-08-14 15:04:27,28.0,177.2,1.1,0.0,0.0,0.0,0.0,0.0,0.0,0.0,0.0,0.0,0.0,0.0,0.0,Rhamondre Stevenson NE,113.8,121
0.0,0.0,0.0,0.0,0.0,7.3,44.5,0.1,1.3,113.8,WR,2025-08-14 15:04:30,56.4,846.0,4.4,0.0,0.0,0.0,0.0,0.0,0.0,0.0,0.0,0.0,0.0,0.0,0.0,Rashid Shaheed NO,113.45,122
0.0,0.0,0.0,0.0,0.0,141.1,577.1,3.7,0.9,112.7,RB,2025-08-14 15:04:27,37.7,279.0,1.2,0.0,0.0,0.0,0.0,0.0,0.0,0.0,0.0,0.0,0.0,0.0,0.0,Travis Etienne Jr. JAC,113.21,123
0.0,0.0,0.0,0.0,0.0,0.9,8.9,0.2,0.4,112.4,WR,2025-08-14 15:04:30,58.7,762.3,5.8,0.0,0.0,0.0,0.0,0.0,0.0,0.0,0.0,0.0,0.0,0.0,0.0,Jordan Addison MIN,112.32,124
0.0,0.0,0.0,0.0,0.0,0.0,0.0,0.0,0.0,0.0,DST,2025-08-14 15:04:39,0.0,0.0,0.0,0.0,0.0,0.0,111.7,51.9,12.0,10.3,16.5,2.6,0.0,397.2,5922.8,,112.1,125
0.0,0.0,0.0,0.0,0.0,95.3,414.8,4.1,1.0,111.2,RB,2025-08-14 15:04:27,44.9,367.1,1.8,0.0,0.0,0.0,0.0,0.0,0.0,0.0,0.0,0.0,0.0,0.0,0.0,Austin Ekeler WAS,111.59,126
0.0,0.0,0.0,0.0,0.0,0.0,0.0,0.0,0.0,0.0,DST,2025-08-14 15:04:39,0.0,0.0,0.0,0.0,0.0,0.0,110.7,43.9,13.8,12.1,20.1,2.5,0.0,347.4,5679.5,,110.7,127
0.0,0.0,0.0,0.0,0.0,0.0,1.2,0.0,0.5,110.8,WR,2025-08-14 15:04:30,59.9,837.9,4.6,0.0,0.0,0.0,0.0,0.0,0.0,0.0,0.0,0.0,0.0,0.0,0.0,Darnell Mooney ATL,110.51,128
203.3,126.4,1491.6,8.0,5.0,44.2,219.5,1.8,2.0,115.3,QB,2025-08-14 15:04:24,0.0,0.0,0.0,0.0,0.0,0.0,0.0,0.0,0.0,0.0,0.0,0.0,0.0,0.0,0.0,Daniel Jones IND,110.41,129
0.0,0.0,0.0,0.0,0.0,0.3,3.0,0.0,0.6,109.9,WR,2025-08-14 15:04:30,71.7,812.6,4.9,0.0,0.0,0.0,0.0,0.0,0.0,0.0,0.0,0.0,0.0,0.0,0.0,Khalil Shakir BUF,109.76,130
0.0,0.0,0.0,0.0,0.0,126.7,536.0,4.5,0.8,108.8,RB,2025-08-14 15:04:27,33.2,244.8,0.9,0.0,0.0,0.0,0.0,0.0,0.0,0.0,0.0,0.0,0.0,0.0,0.0,Zach Charbonnet SEA,108.88,131
0.0,0.0,0.0,0.0,0.0,0.0,0.0,0.0,0.0,0.0,DST,2025-08-14 15:04:39,0.0,0.0,0.0,0.0,0.0,0.0,108.6,46.1,12.5,11.7,18.4,2.2,0.5,363.0,5647.6,,108.7,132
0.0,0.0,0.0,0.0,0.0,151.5,640.4,4.1,1.2,108.1,RB,2025-08-14 15:04:27,22.4,168.4,0.9,0.0,0.0,0.0,0.0,0.0,0.0,0.0,0.0,0.0,0.0,0.0,0.0,Quinshon Judkins CLE,108.48,133
0.0,0.0,0.0,0.0,0.0,0.0,0.0,0.0,0.0,0.0,DST,2025-08-14 15:04:39,0.0,0.0,0.0,0.0,0.0,0.0,108.5,45.8,13.5,10.3,15.2,2.5,0.0,356.6,5299.6,,108.4,134
0.0,0.0,0.0,0.0,0.0,0.0,0.0,0.0,0.0,0.0,DST,2025-08-14 15:04:39,0.0,0.0,0.0,0.0,0.0,0.0,108.3,50.8,10.5,11.9,19.2,2.1,0.0,419.9,5855.7,,108.2,135
0.0,0.0,0.0,0.0,0.0,0.0,1.8,0.0,0.9,107.3,WR,2025-08-14 15:04:30,71.9,852.5,4.0,0.0,0.0,0.0,0.0,0.0,0.0,0.0,0.0,0.0,0.0,0.0,0.0,Michael Pittman Jr. IND,107.63,136
0.0,0.0,0.0,0.0,0.0,0.0,0.0,0.0,0.9,106.9,TE,2025-08-14 15:04:33,81.0,769.0,5.3,0.0,0.0,0.0,0.0,0.0,0.0,0.0,0.0,0.0,0.0,0.0,0.0,Travis Kelce KC,106.9,137
0.0,0.0,0.0,0.0,0.0,0.0,0.0,0.0,0.5,106.6,TE,2025-08-14 15:04:33,76.3,799.2,4.6,0.0,0.0,0.0,0.0,0.0,0.0,0.0,0.0,0.0,0.0,0.0,0.0,T.J. Hockenson MIN,106.52,138
0.0,0.0,0.0,0.0,0.0,11.9,49.4,0.1,0.6,106.5,WR,2025-08-14 15:04:30,51.2,696.6,5.4,0.0,0.0,0.0,0.0,0.0,0.0,0.0,0.0,0.0,0.0,0.0,0.0,Marvin Mims Jr. DEN,106.4,139
0.0,0.0,0.0,0.0,0.0,141.4,567.3,5.0,0.8,105.8,RB,2025-08-14 15:04:27,22.0,159.5,0.8,0.0,0.0,0.0,0.0,0.0,0.0,0.0,0.0,0.0,0.0,0.0,0.0,Najee Harris LAC,105.88,140
0.0,0.0,0.0,0.0,0.0,0.0,0.0,0.0,0.0,0.0,DST,2025-08-14 15:04:39,0.0,0.0,0.0,0.0,0.0,0.0,104.8,43.1,13.8,9.6,14.2,2.5,0.0,375.1,5786.4,,104.9,141
286.5,179.8,1990.0,10.6,8.3,7.9,24.6,0.3,2.7,112.4,QB,2025-08-14 15:04:24,0.0,0.0,0.0,0.0,0.0,0.0,0.0,0.0,0.0,0.0,0.0,0.0,0.0,0.0,0.0,Joe Flacco CLE,104.26,142
0.0,0.0,0.0,0.0,0.0,0.0,0.0,0.0,0.0,0.0,DST,2025-08-14 15:04:39,0.0,0.0,0.0,0.0,0.0,0.0,103.5,46.8,12.3,9.9,15.3,2.1,0.0,371.0,5794.4,,103.8,143
0.0,0.0,0.0,0.0,0.0,0.0,0.0,0.0,0.0,0.0,DST,2025-08-14 15:04:39,0.0,0.0,0.0,0.0,0.0,0.0,103.6,42.9,13.5,8.9,14.1,2.3,1.0,384.0,5638.2,,103.5,144
0.0,0.0,0.0,0.0,0.0,0.0,0.0,0.0,0.0,0.0,DST,2025-08-14 15:04:39,0.0,0.0,0.0,0.0,0.0,0.0,102.7,44.3,11.7,11.0,16.7,2.0,0.5,374.8,5743.0,,102.7,145
0.0,0.0,0.0,0.0,0.0,0.0,0.0,0.0,0.0,0.0,DST,2025-08-14 15:04:39,0.0,0.0,0.0,0.0,0.0,0.0,102.7,45.5,12.1,9.3,13.8,2.2,0.5,347.4,5580.4,,102.5,146
0.0,0.0,0.0,0.0,0.0,0.0,0.0,0.0,0.0,0.0,DST,2025-08-14 15:04:39,0.0,0.0,0.0,0.0,0.0,0.0,102.0,44.7,12.7,8.7,14.3,2.3,0.5,375.7,5910.1,,102.3,147
0.0,0.0,0.0,0.0,0.0,0.0,0.0,0.0,0.0,0.0,DST,2025-08-14 15:04:39,0.0,0.0,0.0,0.0,0.0,0.0,102.4,45.9,11.1,10.3,16.0,2.1,0.5,398.9,6104.0,,102.3,148
0.0,0.0,0.0,0.0,0.0,0.0,0.6,0.0,0.1,102.3,WR,2025-08-14 15:04:30,45.5,691.6,5.5,0.0,0.0,0.0,0.0,0.0,0.0,0.0,0.0,0.0,0.0,0.0,0.0,Rashod Bateman BAL,102.02,149
0.0,0.0,0.0,0.0,0.0,0.0,0.0,0.0,0.0,0.0,DST,2025-08-14 15:04:39,0.0,0.0,0.0,0.0,0.0,0.0,102.0,41.8,12.8,9.6,15.8,2.2,1.0,408.0,5851.6,,101.8,150
0.0,0.0,0.0,0.0,0.0,0.0,0.0,0.0,0.0,0.0,DST,2025-08-14 15:04:39,0.0,0.0,0.0,0.0,0.0,0.0,101.4,40.5,13.2,10.2,17.3,2.2,0.5,386.8,5919.1,,101.5,151
0.0,0.0,0.0,0.0,0.0,124.6,498.2,3.7,0.9,101.3,RB,2025-08-14 15:04:27,33.6,251.9,1.0,0.0,0.0,0.0,0.0,0.0,0.0,0.0,0.0,0.0,0.0,0.0,0.0,Tyjae Spears TEN,101.41,152
0.0,0.0,0.0,0.0,0.0,114.5,462.5,2.8,1.3,101.7,RB,2025-08-14 15:04:27,37.6,282.9,2.1,0.0,0.0,0.0,0.0,0.0,0.0,0.0,0.0,0.0,0.0,0.0,0.0,Rachaad White TB,101.34,153
0.0,0.0,0.0,0.0,0.0,0.0,0.0,0.0,0.0,0.0,DST,2025-08-14 15:04:39,0.0,0.0,0.0,0.0,0.0,0.0,101.3,45.1,12.9,8.6,14.2,2.0,0.5,362.2,5632.5,,101.1,154
0.0,0.0,0.0,0.0,0.0,0.0,0.0,0.0,0.8,100.4,TE,2025-08-14 15:04:33,76.5,731.5,4.8,0.0,0.0,0.0,0.0,0.0,0.0,0.0,0.0,0.0,0.0,0.0,0.0,David Njoku CLE,100.35,155
0.0,0.0,0.0,0.0,0.0,129.4,555.6,3.6,1.2,99.3,RB,2025-08-14 15:04:27,24.8,190.7,0.9,0.0,0.0,0.0,0.0,0.0,0.0,0.0,0.0,0.0,0.0,0.0,0.0,Cam Skattebo NYG,99.23,156
0.0,0.0,0.0,0.0,0.0,0.3,5.6,0.0,0.5,98.9,WR,2025-08-14 15:04:30,63.3,737.3,4.3,0.0,0.0,0.0,0.0,0.0,0.0,0.0,0.0,0.0,0.0,0.0,0.0,Josh Downs IND,99.09,157
0.0,0.0,0.0,0.0,0.0,0.0,0.0,0.0,0.0,0.0,DST,2025-08-14 15:04:39,0.0,0.0,0.0,0.0,0.0,0.0,98.8,44.9,11.1,9.2,14.4,2.2,0.0,417.7,5984.7,,98.7,158
0.0,0.0,0.0,0.0,0.0,0.0,0.0,0.0,0.0,0.0,DST,2025-08-14 15:04:39,0.0,0.0,0.0,0.0,0.0,0.0,98.5,43.0,12.3,9.5,14.3,1.8,0.5,387.2,5401.1,,98.4,159
0.0,0.0,0.0,0.0,0.0,151.8,612.8,5.0,1.2,98.2,RB,2025-08-14 15:04:27,11.2,81.6,0.2,0.0,0.0,0.0,0.0,0.0,0.0,0.0,0.0,0.0,0.0,0.0,0.0,Tank Bigsby JAC,98.24,160
0.0,0.0,0.0,0.0,0.0,0.0,0.0,0.0,0.0,0.0,DST,2025-08-14 15:04:39,0.0,0.0,0.0,0.0,0.0,0.0,97.1,41.4,11.7,8.9,14.7,2.1,1.0,398.7,5805.8,,97.2,161
0.0,0.0,0.0,0.0,0.0,0.0,0.0,0.0,0.0,0.0,DST,2025-08-14 15:04:39,0.0,0.0,0.0,0.0,0.0,0.0,96.2,40.1,12.4,9.3,14.7,2.1,0.0,422.5,6156.1,,96.1,162
0.0,0.0,0.0,0.0,0.0,138.1,600.5,3.9,0.9,95.5,RB,2025-08-14 15:04:27,13.9,104.7,0.5,0.0,0.0,0.0,0.0,0.0,0.0,0.0,0.0,0.0,0.0,0.0,0.0,Trey Benson ARI,95.12,163
0.0,0.0,0.0,0.0,0.0,0.0,0.0,0.0,0.0,0.0,DST,2025-08-14 15:04:39,0.0,0.0,0.0,0.0,0.0,0.0,93.7,40.0,11.4,9.0,13.1,2.0,0.5,392.9,5708.0,,93.8,164
0.0,0.0,0.0,0.0,0.0,0.3,2.0,0.0,0.2,94.1,WR,2025-08-14 15:04:30,55.1,676.0,4.4,0.0,0.0,0.0,0.0,0.0,0.0,0.0,0.0,0.0,0.0,0.0,0.0,Marquise Brown KC,93.8,165
0.0,0.0,0.0,0.0,0.0,0.0,0.0,0.0,0.0,0.0,DST,2025-08-14 15:04:39,0.0,0.0,0.0,0.0,0.0,0.0,93.1,42.5,11.0,8.0,12.5,1.9,0.5,418.2,5762.8,,92.9,166
0.0,0.0,0.0,0.0,0.0,0.0,0.0,0.0,0.8,92.5,TE,2025-08-14 15:04:33,55.2,652.9,4.8,0.0,0.0,0.0,0.0,0.0,0.0,0.0,0.0,0.0,0.0,0.0,0.0,Tucker Kraft GB,92.49,167
0.0,0.0,0.0,0.0,0.0,0.0,1.8,0.0,0.5,91.7,WR,2025-08-14 15:04:30,61.8,657.7,4.5,0.0,0.0,0.0,0.0,0.0,0.0,0.0,0.0,0.0,0.0,0.0,0.0,Adam Thielen CAR,91.95,168
0.0,0.0,0.0,0.0,0.0,0.3,2.0,0.0,0.6,91.9,WR,2025-08-14 15:04:30,55.6,641.3,4.8,0.0,0.0,0.0,0.0,0.0,0.0,0.0,0.0,0.0,0.0,0.0,0.0,Keenan Allen LAC,91.93,169
0.0,0.0,0.0,0.0,0.0,0.0,0.0,0.0,0.0,0.0,DST,2025-08-14 15:04:39,0.0,0.0,0.0,0.0,0.0,0.0,92.2,39.1,11.7,8.5,14.0,1.9,0.5,412.2,6022.3,,91.9,170
0.0,0.0,0.0,0.0,0.0,0.0,0.0,0.0,0.0,0.0,DST,2025-08-14 15:04:39,0.0,0.0,0.0,0.0,0.0,0.0,90.9,38.8,12.0,8.2,11.2,2.0,0.0,413.0,5851.0,,91.2,171
0.0,0.0,0.0,0.0,0.0,120.0,511.5,2.8,0.8,91.1,RB,2025-08-14 15:04:27,28.4,192.5,0.9,0.0,0.0,0.0,0.0,0.0,0.0,0.0,0.0,0.0,0.0,0.0,0.0,Jerome Ford CLE,91.0,172
0.0,0.0,0.0,0.0,0.0,0.7,0.8,0.0,0.9,90.5,WR,2025-08-14 15:04:30,55.6,691.3,3.9,0.0,0.0,0.0,0.0,0.0,0.0,0.0,0.0,0.0,0.0,0.0,0.0,Cedric Tillman CLE,90.81,173
0.0,0.0,0.0,0.0,0.0,0.0,0.0,0.0,0.0,0.0,DST,2025-08-14 15:04:39,0.0,0.0,0.0,0.0,0.0,0.0,90.1,37.9,13.1,7.6,9.7,1.8,0.0,389.7,5855.2,,90.1,174
0.0,0.0,0.0,0.0,0.0,0.0,0.0,0.0,0.0,0.0,DST,2025-08-14 15:04:39,0.0,0.0,0.0,0.0,0.0,0.0,89.8,39.6,10.9,8.6,13.8,1.7,0.5,421.1,5702.6,,89.8,175
0.0,0.0,0.0,0.0,0.0,134.7,565.2,3.7,1.5,88.9,RB,2025-08-14 15:04:27,14.6,100.5,0.6,0.0,0.0,0.0,0.0,0.0,0.0,0.0,0.0,0.0,0.0,0.0,0.0,Jaylen Wright MIA,89.37,176
0.0,0.0,0.0,0.0,0.0,2.2,11.1,0.0,1.1,89.3,WR,2025-08-14 15:04:30,49.1,635.2,4.4,0.0,0.0,0.0,0.0,0.0,0.0,0.0,0.0,0.0,0.0,0.0,0.0,Emeka Egbuka TB,88.83,177
0.0,0.0,0.0,0.0,0.0,0.0,0.0,0.0,1.1,88.6,TE,2025-08-14 15:04:33,57.9,647.5,4.3,0.0,0.0,0.0,0.0,0.0,0.0,0.0,0.0,0.0,0.0,0.0,0.0,Tyler Warren IND,88.35,178
0.0,0.0,0.0,0.0,0.0,6.2,29.0,0.1,0.5,87.0,WR,2025-08-14 15:04:30,54.4,613.2,3.9,0.0,0.0,0.0,0.0,0.0,0.0,0.0,0.0,0.0,0.0,0.0,0.0,Xavier Legette CAR,87.22,179
0.0,0.0,0.0,0.0,0.0,118.8,499.5,3.7,0.8,87.1,RB,2025-08-14 15:04:27,12.4,105.5,1.0,0.0,0.0,0.0,0.0,0.0,0.0,0.0,0.0,0.0,0.0,0.0,0.0,Ray Davis BUF,87.1,180
0.0,0.0,0.0,0.0,0.0,118.7,480.9,2.7,0.8,85.9,RB,2025-08-14 15:04:27,23.3,177.5,0.9,0.0,0.0,0.0,0.0,0.0,0.0,0.0,0.0,0.0,0.0,0.0,0.0,Dylan Sampson CLE,85.84,181
0.0,0.0,0.0,0.0,0.0,0.0,0.0,0.0,0.5,85.8,TE,2025-08-14 15:04:33,57.2,633.4,3.9,0.0,0.0,0.0,0.0,0.0,0.0,0.0,0.0,0.0,0.0,0.0,0.0,Dallas Goedert PHI,85.74,182
0.0,0.0,0.0,0.0,0.0,0.0,0.0,0.0,0.0,0.0,DST,2025-08-14 15:04:39,0.0,0.0,0.0,0.0,0.0,0.0,85.3,36.1,11.5,8.2,11.7,1.6,0.0,402.5,5520.5,,85.1,183
0.0,0.0,0.0,0.0,0.0,0.7,4.0,0.0,0.5,85.1,WR,2025-08-14 15:04:30,47.2,632.0,3.7,0.0,0.0,0.0,0.0,0.0,0.0,0.0,0.0,0.0,0.0,0.0,0.0,Jayden Higgins HOU,84.8,184
0.0,0.0,0.0,0.0,0.0,0.7,4.0,0.0,0.8,84.7,WR,2025-08-14 15:04:30,50.6,649.4,3.5,0.0,0.0,0.0,0.0,0.0,0.0,0.0,0.0,0.0,0.0,0.0,0.0,Christian Kirk HOU,84.74,185
0.0,0.0,0.0,0.0,0.0,0.0,0.0,0.0,0.1,84.2,TE,2025-08-14 15:04:33,58.1,539.5,5.1,0.0,0.0,0.0,0.0,0.0,0.0,0.0,0.0,0.0,0.0,0.0,0.0,Zach Ertz WAS,84.35,186
0.0,0.0,0.0,0.0,0.0,119.8,549.7,3.3,0.8,84.3,RB,2025-08-14 15:04:27,12.7,92.2,0.3,0.0,0.0,0.0,0.0,0.0,0.0,0.0,0.0,0.0,0.0,0.0,0.0,Tyler Allgeier ATL,84.19,187
0.0,0.0,0.0,0.0,0.0,0.0,0.0,0.0,0.9,83.4,TE,2025-08-14 15:04:33,69.1,614.2,4.0,0.0,0.0,0.0,0.0,0.0,0.0,0.0,0.0,0.0,0.0,0.0,0.0,Evan Engram DEN,83.62,188
0.0,0.0,0.0,0.0,0.0,109.2,476.9,2.9,0.8,83.2,RB,2025-08-14 15:04:27,19.3,150.7,0.8,0.0,0.0,0.0,0.0,0.0,0.0,0.0,0.0,0.0,0.0,0.0,0.0,Jaydon Blue DAL,83.36,189
0.0,0.0,0.0,0.0,0.0,0.0,0.0,0.0,0.5,83.6,TE,2025-08-14 15:04:33,57.1,603.2,4.0,0.0,0.0,0.0,0.0,0.0,0.0,0.0,0.0,0.0,0.0,0.0,0.0,Dalton Kincaid BUF,83.32,190
0.0,0.0,0.0,0.0,0.0,0.0,0.0,0.0,0.0,0.0,DST,2025-08-14 15:04:39,0.0,0.0,0.0,0.0,0.0,0.0,83.0,34.7,11.2,7.8,11.9,1.7,0.0,442.4,6334.1,,82.9,191
0.0,0.0,0.0,0.0,0.0,0.0,0.0,0.0,0.1,83.1,TE,2025-08-14 15:04:33,47.8,602.0,3.8,0.0,0.0,0.0,0.0,0.0,0.0,0.0,0.0,0.0,0.0,0.0,0.0,Kyle Pitts Sr. ATL,82.8,192
0.0,0.0,0.0,0.0,0.0,0.0,0.0,0.0,1.2,82.6,TE,2025-08-14 15:04:33,67.8,622.2,3.8,0.0,0.0,0.0,0.0,0.0,0.0,0.0,0.0,0.0,0.0,0.0,0.0,Jake Ferguson DAL,82.62,193
0.0,0.0,0.0,0.0,0.0,0.0,1.0,0.0,0.4,82.1,WR,2025-08-14 15:04:30,41.9,633.8,3.3,0.0,0.0,0.0,0.0,0.0,0.0,0.0,0.0,0.0,0.0,0.0,0.0,Brandon Aiyuk SF,82.48,194
0.0,0.0,0.0,0.0,0.0,0.0,0.5,0.0,0.5,82.3,WR,2025-08-14 15:04:30,45.2,575.2,4.3,0.0,0.0,0.0,0.0,0.0,0.0,0.0,0.0,0.0,0.0,0.0,0.0,Romeo Doubs GB,82.37,195
0.0,0.0,0.0,0.0,0.0,113.1,488.7,3.9,0.9,81.9,RB,2025-08-14 15:04:27,10.6,93.2,0.4,0.0,0.0,0.0,0.0,0.0,0.0,0.0,0.0,0.0,0.0,0.0,0.0,Isaac Guerendo SF,82.19,196
0.0,0.0,0.0,0.0,0.0,2.0,15.6,0.0,0.5,81.6,WR,2025-08-14 15:04:30,69.1,622.1,3.1,0.0,0.0,0.0,0.0,0.0,0.0,0.0,0.0,0.0,0.0,0.0,0.0,Wan'Dale Robinson NYG,81.37,197
0.0,0.0,0.0,0.0,0.0,107.3,459.1,2.6,0.8,80.9,RB,2025-08-14 15:04:27,20.9,143.0,1.1,0.0,0.0,0.0,0.0,0.0,0.0,0.0,0.0,0.0,0.0,0.0,0.0,Rico Dowdle CAR,80.81,198
0.0,0.0,0.0,0.0,0.0,3.7,27.4,0.4,1.1,79.9,WR,2025-08-14 15:04:30,47.0,570.1,3.4,0.0,0.0,0.0,0.0,0.0,0.0,0.0,0.0,0.0,0.0,0.0,0.0,Luther Burden III CHI,80.35,199
0.0,0.0,0.0,0.0,0.0,118.9,484.3,3.8,0.5,80.5,RB,2025-08-14 15:04:27,9.9,75.6,0.4,0.0,0.0,0.0,0.0,0.0,0.0,0.0,0.0,0.0,0.0,0.0,0.0,Nick Chubb HOU,80.19,200
0.0,0.0,0.0,0.0,0.0,0.0,0.5,0.0,0.1,79.8,WR,2025-08-14 15:04:30,42.0,587.8,3.5,0.0,0.0,0.0,0.0,0.0,0.0,0.0,0.0,0.0,0.0,0.0,0.0,Joshua Palmer BUF,79.63,201
0.0,0.0,0.0,0.0,0.0,96.6,346.6,5.0,0.4,78.7,RB,2025-08-14 15:04:27,19.0,123.9,0.5,0.0,0.0,0.0,0.0,0.0,0.0,0.0,0.0,0.0,0.0,0.0,0.0,Roschon Johnson CHI,79.25,202
0.0,0.0,0.0,0.0,0.0,0.0,0.0,0.0,0.1,78.5,WR,2025-08-14 15:04:30,49.6,578.8,3.5,0.0,0.0,0.0,0.0,0.0,0.0,0.0,0.0,0.0,0.0,0.0,0.0,Tyler Lockett TEN,78.68,203
0.0,0.0,0.0,0.0,0.0,0.0,0.0,0.0,0.1,77.9,TE,2025-08-14 15:04:33,52.6,579.4,3.4,0.0,0.0,0.0,0.0,0.0,0.0,0.0,0.0,0.0,0.0,0.0,0.0,Darren Waller MIA,78.14,204
0.0,0.0,0.0,0.0,0.0,0.0,0.0,0.0,0.4,78.3,TE,2025-08-14 15:04:33,55.0,572.4,3.6,0.0,0.0,0.0,0.0,0.0,0.0,0.0,0.0,0.0,0.0,0.0,0.0,Hunter Henry NE,78.04,205
0.0,0.0,0.0,0.0,0.0,0.0,0.0,0.0,0.7,77.0,TE,2025-08-14 15:04:33,41.4,495.5,4.8,0.0,0.0,0.0,0.0,0.0,0.0,0.0,0.0,0.0,0.0,0.0,0.0,Isaiah Likely BAL,76.95,206
0.0,0.0,0.0,0.0,0.0,0.0,0.0,0.0,0.9,76.7,TE,2025-08-14 15:04:33,52.2,544.5,4.0,0.0,0.0,0.0,0.0,0.0,0.0,0.0,0.0,0.0,0.0,0.0,0.0,Jonnu Smith PIT,76.65,207
0.0,0.0,0.0,0.0,0.0,0.0,0.0,0.0,0.8,76.5,TE,2025-08-14 15:04:33,52.8,554.1,3.8,0.0,0.0,0.0,0.0,0.0,0.0,0.0,0.0,0.0,0.0,0.0,0.0,Colston Loveland CHI,76.61,208
0.0,0.0,0.0,0.0,0.0,1.9,8.9,0.1,0.5,76.4,WR,2025-08-14 15:04:30,43.8,525.0,3.9,0.0,0.0,0.0,0.0,0.0,0.0,0.0,0.0,0.0,0.0,0.0,0.0,Michael Wilson ARI,76.39,209
0.0,0.0,0.0,0.0,0.0,0.0,0.0,0.0,0.5,76.0,TE,2025-08-14 15:04:33,52.3,532.3,4.0,0.0,0.0,0.0,0.0,0.0,0.0,0.0,0.0,0.0,0.0,0.0,0.0,Cade Otton TB,76.23,210
0.0,0.0,0.0,0.0,0.0,2.1,15.7,0.0,0.2,75.7,WR,2025-08-14 15:04:30,54.6,575.3,2.8,0.0,0.0,0.0,0.0,0.0,0.0,0.0,0.0,0.0,0.0,0.0,0.0,DeMario Douglas NE,75.5,211
0.0,0.0,0.0,0.0,0.0,2.3,11.8,0.1,0.5,73.7,WR,2025-08-14 15:04:30,39.6,529.0,3.4,0.0,0.0,0.0,0.0,0.0,0.0,0.0,0.0,0.0,0.0,0.0,0.0,Calvin Austin III PIT,74.08,212
0.0,0.0,0.0,0.0,0.0,0.7,3.8,0.0,0.7,74.0,WR,2025-08-14 15:04:30,40.8,544.9,3.4,0.0,0.0,0.0,0.0,0.0,0.0,0.0,0.0,0.0,0.0,0.0,0.0,Tre' Harris LAC,73.87,213
0.0,0.0,0.0,0.0,0.0,1.0,4.7,0.0,0.8,74.1,WR,2025-08-14 15:04:30,45.9,574.4,2.9,0.0,0.0,0.0,0.0,0.0,0.0,0.0,0.0,0.0,0.0,0.0,0.0,Jack Bech LV,73.71,214
0.0,0.0,0.0,0.0,0.0,0.0,0.0,0.0,0.5,73.6,TE,2025-08-14 15:04:33,55.3,548.8,3.3,0.0,0.0,0.0,0.0,0.0,0.0,0.0,0.0,0.0,0.0,0.0,0.0,Brenton Strange JAC,73.68,215
0.0,0.0,0.0,0.0,0.0,91.9,398.0,2.7,0.8,73.2,RB,2025-08-14 15:04:27,17.5,138.0,0.8,0.0,0.0,0.0,0.0,0.0,0.0,0.0,0.0,0.0,0.0,0.0,0.0,Bhayshul Tuten JAC,73.0,216
0.0,0.0,0.0,0.0,0.0,0.0,0.0,0.0,0.4,72.7,TE,2025-08-14 15:04:33,52.8,518.3,3.6,0.0,0.0,0.0,0.0,0.0,0.0,0.0,0.0,0.0,0.0,0.0,0.0,Mike Gesicki CIN,72.63,217
0.0,0.0,0.0,0.0,0.0,0.0,0.0,0.0,0.1,72.6,WR,2025-08-14 15:04:30,29.3,529.2,3.3,0.0,0.0,0.0,0.0,0.0,0.0,0.0,0.0,0.0,0.0,0.0,0.0,Alec Pierce IND,72.52,218
156.7,96.1,1193.4,5.9,4.7,19.5,120.8,0.4,2.0,77.1,QB,2025-08-14 15:04:24,0.0,0.0,0.0,0.0,0.0,0.0,0.0,0.0,0.0,0.0,0.0,0.0,0.0,0.0,0.0,Spencer Rattler NO,72.42,219
0.0,0.0,0.0,0.0,0.0,100.5,390.9,2.7,0.4,71.9,RB,2025-08-14 15:04:27,16.6,123.1,0.8,0.0,0.0,0.0,0.0,0.0,0.0,0.0,0.0,0.0,0.0,0.0,0.0,Braelon Allen NYJ,71.6,220
0.0,0.0,0.0,0.0,0.0,2.3,18.7,0.0,0.5,71.4,WR,2025-08-14 15:04:30,35.5,445.9,4.3,0.0,0.0,0.0,0.0,0.0,0.0,0.0,0.0,0.0,0.0,0.0,0.0,Jalen McMillan TB,71.26,221
0.0,0.0,0.0,0.0,0.0,1.7,7.2,0.0,0.4,70.8,WR,2025-08-14 15:04:30,34.9,458.8,4.1,0.0,0.0,0.0,0.0,0.0,0.0,0.0,0.0,0.0,0.0,0.0,0.0,Quentin Johnston LAC,70.4,222
0.0,0.0,0.0,0.0,0.0,0.0,0.0,0.0,0.8,69.9,TE,2025-08-14 15:04:33,53.8,537.2,2.9,0.0,0.0,0.0,0.0,0.0,0.0,0.0,0.0,0.0,0.0,0.0,0.0,Chig Okonkwo TEN,69.52,223
0.0,0.0,0.0,0.0,0.0,0.0,0.0,0.0,0.2,69.5,TE,2025-08-14 15:04:33,48.9,501.0,3.3,0.0,0.0,0.0,0.0,0.0,0.0,0.0,0.0,0.0,0.0,0.0,0.0,Juwan Johnson NO,69.5,224
0.0,0.0,0.0,0.0,0.0,105.6,381.4,2.9,0.8,69.2,RB,2025-08-14 15:04:27,13.5,108.5,0.7,0.0,0.0,0.0,0.0,0.0,0.0,0.0,0.0,0.0,0.0,0.0,0.0,MarShawn Lloyd GB,68.99,225
0.0,0.0,0.0,0.0,0.0,0.0,0.0,0.0,0.4,68.9,TE,2025-08-14 15:04:33,49.9,510.2,3.1,0.0,0.0,0.0,0.0,0.0,0.0,0.0,0.0,0.0,0.0,0.0,0.0,Dalton Schultz HOU,68.82,226
0.0,0.0,0.0,0.0,0.0,0.0,0.0,0.0,0.9,68.7,TE,2025-08-14 15:04:33,51.2,493.6,3.5,0.0,0.0,0.0,0.0,0.0,0.0,0.0,0.0,0.0,0.0,0.0,0.0,Pat Freiermuth PIT,68.56,227
0.0,0.0,0.0,0.0,0.0,82.4,314.4,3.3,0.1,68.2,RB,2025-08-14 15:04:27,18.3,126.2,0.7,0.0,0.0,0.0,0.0,0.0,0.0,0.0,0.0,0.0,0.0,0.0,0.0,Kareem Hunt KC,67.86,228
0.0,0.0,0.0,0.0,0.0,0.0,2.3,0.0,0.7,68.0,WR,2025-08-14 15:04:30,43.0,527.2,2.7,0.0,0.0,0.0,0.0,0.0,0.0,0.0,0.0,0.0,0.0,0.0,0.0,Diontae Johnson CLE,67.75,229
0.0,0.0,0.0,0.0,0.0,2.1,13.3,0.0,0.4,67.3,WR,2025-08-14 15:04:30,38.8,492.5,2.9,0.0,0.0,0.0,0.0,0.0,0.0,0.0,0.0,0.0,0.0,0.0,0.0,Kyle Williams NE,67.18,230
0.0,0.0,0.0,0.0,0.0,0.7,6.8,0.0,0.5,66.8,WR,2025-08-14 15:04:30,39.4,502.3,2.8,0.0,0.0,0.0,0.0,0.0,0.0,0.0,0.0,0.0,0.0,0.0,0.0,Dyami Brown JAC,66.71,231
0.0,0.0,0.0,0.0,0.0,1.4,6.1,0.0,0.2,66.1,WR,2025-08-14 15:04:30,34.1,510.8,2.4,0.0,0.0,0.0,0.0,0.0,0.0,0.0,0.0,0.0,0.0,0.0,0.0,Darius Slayton NYG,65.69,232
0.0,0.0,0.0,0.0,0.0,4.3,20.2,0.1,0.1,65.3,WR,2025-08-14 15:04:30,39.1,498.0,2.2,0.0,0.0,0.0,0.0,0.0,0.0,0.0,0.0,0.0,0.0,0.0,0.0,Tutu Atwell LAR,65.42,233
0.0,0.0,0.0,0.0,0.0,0.0,0.5,0.0,0.1,64.9,WR,2025-08-14 15:04:30,32.0,416.5,3.9,0.0,0.0,0.0,0.0,0.0,0.0,0.0,0.0,0.0,0.0,0.0,0.0,DeAndre Hopkins BAL,64.9,234
0.0,0.0,0.0,0.0,0.0,0.0,1.3,0.0,0.1,64.7,WR,2025-08-14 15:04:30,31.4,427.3,3.7,0.0,0.0,0.0,0.0,0.0,0.0,0.0,0.0,0.0,0.0,0.0,0.0,Nick Westbrook-Ikhine MIA,64.86,235
0.0,0.0,0.0,0.0,0.0,95.0,365.9,3.4,0.4,64.5,RB,2025-08-14 15:04:27,9.7,72.6,0.2,0.0,0.0,0.0,0.0,0.0,0.0,0.0,0.0,0.0,0.0,0.0,0.0,Kendre Miller NO,64.65,236
0.0,0.0,0.0,0.0,0.0,93.9,404.7,2.3,0.5,64.6,RB,2025-08-14 15:04:27,12.0,77.5,0.6,0.0,0.0,0.0,0.0,0.0,0.0,0.0,0.0,0.0,0.0,0.0,0.0,Miles Sanders DAL,64.62,237
0.0,0.0,0.0,0.0,0.0,0.0,0.0,0.0,0.1,64.4,TE,2025-08-14 15:04:33,45.3,425.3,3.7,0.0,0.0,0.0,0.0,0.0,0.0,0.0,0.0,0.0,0.0,0.0,0.0,Tyler Higbee LAR,64.53,238
0.0,0.0,0.0,0.0,0.0,0.0,0.0,0.0,1.0,63.9,TE,2025-08-14 15:04:33,49.0,479.0,3.0,0.0,0.0,0.0,0.0,0.0,0.0,0.0,0.0,0.0,0.0,0.0,0.0,Robbie Ouzts SEA,63.9,239
0.0,0.0,0.0,0.0,0.0,0.0,0.0,0.0,0.1,63.0,TE,2025-08-14 15:04:33,43.1,470.1,2.7,0.0,0.0,0.0,0.0,0.0,0.0,0.0,0.0,0.0,0.0,0.0,0.0,Theo Johnson NYG,63.01,240
0.0,0.0,0.0,0.0,0.0,0.0,0.0,0.0,0.1,62.2,WR,2025-08-14 15:04:30,34.6,455.1,2.8,0.0,0.0,0.0,0.0,0.0,0.0,0.0,0.0,0.0,0.0,0.0,0.0,Josh Reynolds NYJ,62.11,241
0.0,0.0,0.0,0.0,0.0,7.8,53.1,0.2,1.2,60.5,WR,2025-08-14 15:04:30,40.0,431.0,2.3,0.0,0.0,0.0,0.0,0.0,0.0,0.0,0.0,0.0,0.0,0.0,0.0,Ray-Ray McCloud III ATL,61.01,242
0.0,0.0,0.0,0.0,0.0,0.0,0.0,0.0,0.1,60.9,WR,2025-08-14 15:04:30,34.3,400.7,3.5,0.0,0.0,0.0,0.0,0.0,0.0,0.0,0.0,0.0,0.0,0.0,0.0,Jalen Tolbert DAL,60.87,243
0.0,0.0,0.0,0.0,0.0,1.7,3.8,0.0,0.1,60.7,WR,2025-08-14 15:04:30,37.4,431.6,2.9,0.0,0.0,0.0,0.0,0.0,0.0,0.0,0.0,0.0,0.0,0.0,0.0,Brandin Cooks NO,60.74,244
0.0,0.0,0.0,0.0,0.0,0.0,0.0,0.0,0.4,60.1,TE,2025-08-14 15:04:33,41.1,436.0,2.9,0.0,0.0,0.0,0.0,0.0,0.0,0.0,0.0,0.0,0.0,0.0,0.0,Elijah Arroyo SEA,60.2,245
0.0,0.0,0.0,0.0,0.0,77.5,289.9,2.6,0.8,60.0,RB,2025-08-14 15:04:27,18.1,133.8,0.6,0.0,0.0,0.0,0.0,0.0,0.0,0.0,0.0,0.0,0.0,0.0,0.0,Raheem Mostert LV,59.97,246
0.0,0.0,0.0,0.0,0.0,0.0,0.0,0.0,0.5,59.4,TE,2025-08-14 15:04:33,44.5,449.6,2.6,0.0,0.0,0.0,0.0,0.0,0.0,0.0,0.0,0.0,0.0,0.0,0.0,Mason Taylor NYJ,59.56,247
0.0,0.0,0.0,0.0,0.0,96.3,350.7,2.4,0.4,59.5,RB,2025-08-14 15:04:27,12.0,87.5,0.3,0.0,0.0,0.0,0.0,0.0,0.0,0.0,0.0,0.0,0.0,0.0,0.0,Blake Corum LAR,59.22,248
0.0,0.0,0.0,0.0,0.0,5.6,31.5,0.3,0.1,57.6,WR,2025-08-14 15:04:30,30.3,388.5,2.3,0.0,0.0,0.0,0.0,0.0,0.0,0.0,0.0,0.0,0.0,0.0,0.0,Tre Tucker LV,57.4,249
0.0,0.0,0.0,0.0,0.0,72.3,259.1,1.8,0.1,56.6,RB,2025-08-14 15:04:27,20.0,146.4,1.0,0.0,0.0,0.0,0.0,0.0,0.0,0.0,0.0,0.0,0.0,0.0,0.0,Woody Marks HOU,57.15,250
0.0,0.0,0.0,0.0,0.0,1.8,4.1,0.0,0.4,56.9,WR,2025-08-14 15:04:30,27.9,367.8,3.4,0.0,0.0,0.0,0.0,0.0,0.0,0.0,0.0,0.0,0.0,0.0,0.0,Jalen Nailor MIN,56.79,251
0.0,0.0,0.0,0.0,0.0,41.8,185.1,1.1,0.4,56.6,RB,2025-08-14 15:04:27,27.3,222.3,1.7,0.0,0.0,0.0,0.0,0.0,0.0,0.0,0.0,0.0,0.0,0.0,0.0,Justice Hill BAL,56.74,252
0.0,0.0,0.0,0.0,0.0,0.0,0.0,0.0,0.1,56.6,WR,2025-08-14 15:04:30,30.4,363.5,3.4,0.0,0.0,0.0,0.0,0.0,0.0,0.0,0.0,0.0,0.0,0.0,0.0,Andrei Iosivas CIN,56.55,253
0.0,0.0,0.0,0.0,0.0,2.6,10.0,0.1,0.0,55.7,WR,2025-08-14 15:04:30,24.3,402.9,2.4,0.0,0.0,0.0,0.0,0.0,0.0,0.0,0.0,0.0,0.0,0.0,0.0,Marquez Valdes-Scantling SEA,56.29,254
0.0,0.0,0.0,0.0,0.0,0.0,2.3,0.0,0.1,55.5,WR,2025-08-14 15:04:30,32.9,428.7,2.1,0.0,0.0,0.0,0.0,0.0,0.0,0.0,0.0,0.0,0.0,0.0,0.0,Jalen Coker CAR,55.5,255
0.0,0.0,0.0,0.0,0.0,1.1,13.9,0.0,0.1,55.6,WR,2025-08-14 15:04:30,34.1,397.8,2.4,0.0,0.0,0.0,0.0,0.0,0.0,0.0,0.0,0.0,0.0,0.0,0.0,Jordan Whittington LAR,55.37,256
0.0,0.0,0.0,0.0,0.0,1.0,8.7,0.0,0.7,54.4,WR,2025-08-14 15:04:30,33.5,426.7,2.1,0.0,0.0,0.0,0.0,0.0,0.0,0.0,0.0,0.0,0.0,0.0,0.0,Tory Horton SEA,54.74,257
159.8,100.2,956.8,4.2,3.5,14.1,44.0,0.7,1.0,58.1,QB,2025-08-14 15:04:24,0.0,0.0,0.0,0.0,0.0,0.0,0.0,0.0,0.0,0.0,0.0,0.0,0.0,0.0,0.0,Kenny Pickett CLE,54.67,258
0.0,0.0,0.0,0.0,0.0,75.6,330.0,1.7,0.0,54.1,RB,2025-08-14 15:04:27,8.6,83.4,0.5,0.0,0.0,0.0,0.0,0.0,0.0,0.0,0.0,0.0,0.0,0.0,0.0,Keaton Mitchell BAL,54.54,259
0.0,0.0,0.0,0.0,0.0,51.2,200.4,1.5,0.7,53.5,RB,2025-08-14 15:04:27,21.2,195.7,1.1,0.0,0.0,0.0,0.0,0.0,0.0,0.0,0.0,0.0,0.0,0.0,0.0,Samaje Perine CIN,53.81,260
0.0,0.0,0.0,0.0,0.0,0.0,3.0,0.0,0.1,53.0,WR,2025-08-14 15:04:30,29.1,393.3,2.3,0.0,0.0,0.0,0.0,0.0,0.0,0.0,0.0,0.0,0.0,0.0,0.0,Dont'e Thornton Jr. LV,53.23,261
0.0,0.0,0.0,0.0,0.0,0.0,0.0,0.0,0.1,52.7,WR,2025-08-14 15:04:30,30.7,375.6,2.6,0.0,0.0,0.0,0.0,0.0,0.0,0.0,0.0,0.0,0.0,0.0,0.0,Pat Bryant DEN,52.96,262
123.6,77.6,849.1,4.3,3.7,14.8,71.1,0.7,1.1,56.6,QB,2025-08-14 15:04:24,0.0,0.0,0.0,0.0,0.0,0.0,0.0,0.0,0.0,0.0,0.0,0.0,0.0,0.0,0.0,Jaxson Dart NYG,52.87,263
0.0,0.0,0.0,0.0,0.0,0.0,1.3,0.0,0.0,52.8,WR,2025-08-14 15:04:30,27.5,346.4,3.0,0.0,0.0,0.0,0.0,0.0,0.0,0.0,0.0,0.0,0.0,0.0,0.0,Dontayvion Wicks GB,52.77,264
0.0,0.0,0.0,0.0,0.0,0.0,0.0,0.0,0.1,52.2,WR,2025-08-14 15:04:30,28.7,368.4,2.6,0.0,0.0,0.0,0.0,0.0,0.0,0.0,0.0,0.0,0.0,0.0,0.0,Allen Lazard NYJ,52.24,265
0.0,0.0,0.0,0.0,0.0,45.7,208.1,1.0,0.1,51.6,RB,2025-08-14 15:04:27,15.2,165.1,1.5,0.0,0.0,0.0,0.0,0.0,0.0,0.0,0.0,0.0,0.0,0.0,0.0,Ty Johnson BUF,52.12,266
0.0,0.0,0.0,0.0,0.0,0.0,0.0,0.0,0.0,52.0,TE,2025-08-14 15:04:33,37.8,370.5,2.5,0.0,0.0,0.0,0.0,0.0,0.0,0.0,0.0,0.0,0.0,0.0,0.0,Will Dissly LAC,52.05,267
0.0,0.0,0.0,0.0,0.0,2.5,11.5,0.1,0.2,51.9,WR,2025-08-14 15:04:30,26.6,368.6,2.3,0.0,0.0,0.0,0.0,0.0,0.0,0.0,0.0,0.0,0.0,0.0,0.0,Adonai Mitchell IND,52.01,268
0.0,0.0,0.0,0.0,0.0,0.0,0.0,0.0,0.1,51.8,WR,2025-08-14 15:04:30,31.8,406.4,1.9,0.0,0.0,0.0,0.0,0.0,0.0,0.0,0.0,0.0,0.0,0.0,0.0,Noah Brown WAS,51.84,269
0.0,0.0,0.0,0.0,0.0,84.6,325.0,2.1,0.0,51.8,RB,2025-08-14 15:04:27,8.3,54.0,0.2,0.0,0.0,0.0,0.0,0.0,0.0,0.0,0.0,0.0,0.0,0.0,0.0,Khalil Herbert IND,51.7,270
0.0,0.0,0.0,0.0,0.0,4.3,17.0,0.0,0.4,51.6,WR,2025-08-14 15:04:30,19.9,366.6,2.3,0.0,0.0,0.0,0.0,0.0,0.0,0.0,0.0,0.0,0.0,0.0,0.0,Christian Watson GB,51.36,271
0.0,0.0,0.0,0.0,0.0,0.0,0.0,0.0,0.1,51.6,TE,2025-08-14 15:04:33,36.2,370.6,2.4,0.0,0.0,0.0,0.0,0.0,0.0,0.0,0.0,0.0,0.0,0.0,0.0,Noah Fant CIN,51.26,272
0.0,0.0,0.0,0.0,0.0,0.0,0.0,0.0,0.1,51.1,TE,2025-08-14 15:04:33,38.5,388.4,2.1,0.0,0.0,0.0,0.0,0.0,0.0,0.0,0.0,0.0,0.0,0.0,0.0,Ja'Tavion Sanders CAR,51.24,273
0.0,0.0,0.0,0.0,0.0,0.0,0.0,0.0,0.0,0.0,K,2025-08-14 15:04:36,0.0,0.0,0.0,27.0,32.5,51.1,132.2,0.0,0.0,0.0,0.0,0.0,0.0,0.0,0.0,,51.1,274
0.0,0.0,0.0,0.0,0.0,0.0,0.0,0.0,0.0,51.0,WR,2025-08-14 15:04:30,31.4,360.9,2.5,0.0,0.0,0.0,0.0,0.0,0.0,0.0,0.0,0.0,0.0,0.0,0.0,Russell Gage Jr. SF,51.09,275
0.0,0.0,0.0,0.0,0.0,1.1,5.8,0.0,0.1,50.9,WR,2025-08-14 15:04:30,27.2,342.5,2.7,0.0,0.0,0.0,0.0,0.0,0.0,0.0,0.0,0.0,0.0,0.0,0.0,Troy Franklin DEN,50.83,276
0.0,0.0,0.0,0.0,0.0,0.0,0.0,0.0,0.1,49.9,TE,2025-08-14 15:04:33,36.4,352.8,2.5,0.0,0.0,0.0,0.0,0.0,0.0,0.0,0.0,0.0,0.0,0.0,0.0,Tyler Conklin LAC,50.08,277
0.0,0.0,0.0,0.0,0.0,0.0,0.0,0.0,0.0,0.0,K,2025-08-14 15:04:36,0.0,0.0,0.0,27.2,30.3,48.4,130.0,0.0,0.0,0.0,0.0,0.0,0.0,0.0,0.0,,48.4,278
0.0,0.0,0.0,0.0,0.0,0.0,13.0,0.0,0.1,47.6,WR,2025-08-14 15:04:30,27.2,326.9,2.3,0.0,0.0,0.0,0.0,0.0,0.0,0.0,0.0,0.0,0.0,0.0,0.0,Jaylin Noel HOU,47.59,279
0.0,0.0,0.0,0.0,0.0,0.0,0.0,0.0,0.0,0.0,K,2025-08-14 15:04:36,0.0,0.0,0.0,27.4,32.5,47.5,129.6,0.0,0.0,0.0,0.0,0.0,0.0,0.0,0.0,,47.5,280
0.0,0.0,0.0,0.0,0.0,0.0,7.5,0.0,0.1,47.4,WR,2025-08-14 15:04:30,28.6,336.3,2.2,0.0,0.0,0.0,0.0,0.0,0.0,0.0,0.0,0.0,0.0,0.0,0.0,Elic Ayomanor TEN,47.38,281
0.0,0.0,0.0,0.0,0.0,0.0,0.0,0.0,0.0,0.0,K,2025-08-14 15:04:36,0.0,0.0,0.0,29.9,35.3,47.3,137.1,0.0,0.0,0.0,0.0,0.0,0.0,0.0,0.0,,47.3,282
0.0,0.0,0.0,0.0,0.0,0.0,0.0,0.0,0.0,0.0,K,2025-08-14 15:04:36,0.0,0.0,0.0,27.4,33.6,47.2,129.5,0.0,0.0,0.0,0.0,0.0,0.0,0.0,0.0,,47.2,283
0.0,0.0,0.0,0.0,0.0,0.0,0.0,0.0,0.0,46.9,WR,2025-08-14 15:04:30,28.7,318.8,2.5,0.0,0.0,0.0,0.0,0.0,0.0,0.0,0.0,0.0,0.0,0.0,0.0,K.J. Osborn WAS,46.88,284
0.0,0.0,0.0,0.0,0.0,0.0,0.0,0.0,0.0,0.0,K,2025-08-14 15:04:36,0.0,0.0,0.0,29.3,34.2,46.2,134.1,0.0,0.0,0.0,0.0,0.0,0.0,0.0,0.0,,46.2,285
0.0,0.0,0.0,0.0,0.0,0.0,0.0,0.0,0.0,0.0,K,2025-08-14 15:04:36,0.0,0.0,0.0,30.1,32.6,46.1,136.4,0.0,0.0,0.0,0.0,0.0,0.0,0.0,0.0,,46.1,286
0.0,0.0,0.0,0.0,0.0,6.6,29.3,0.1,0.1,45.4,WR,2025-08-14 15:04:30,27.0,271.6,2.5,0.0,0.0,0.0,0.0,0.0,0.0,0.0,0.0,0.0,0.0,0.0,0.0,Curtis Samuel BUF,45.49,287
126.3,79.1,754.2,3.6,2.5,11.5,43.1,0.4,0.8,47.6,QB,2025-08-14 15:04:24,0.0,0.0,0.0,0.0,0.0,0.0,0.0,0.0,0.0,0.0,0.0,0.0,0.0,0.0,0.0,Dillon Gabriel CLE,44.68,288
0.0,0.0,0.0,0.0,0.0,0.0,0.0,0.0,0.1,44.3,TE,2025-08-14 15:04:33,32.4,302.7,2.4,0.0,0.0,0.0,0.0,0.0,0.0,0.0,0.0,0.0,0.0,0.0,0.0,AJ Barner SEA,44.47,289
0.0,0.0,0.0,0.0,0.0,0.0,0.0,0.0,0.0,0.0,K,2025-08-14 15:04:36,0.0,0.0,0.0,27.7,32.3,44.3,127.3,0.0,0.0,0.0,0.0,0.0,0.0,0.0,0.0,,44.3,290
0.0,0.0,0.0,0.0,0.0,0.0,0.0,0.0,0.0,44.0,TE,2025-08-14 15:04:33,28.2,286.0,2.6,0.0,0.0,0.0,0.0,0.0,0.0,0.0,0.0,0.0,0.0,0.0,0.0,Noah Gray KC,44.2,291
0.0,0.0,0.0,0.0,0.0,0.0,0.0,0.0,0.0,44.1,WR,2025-08-14 15:04:30,25.3,289.5,2.5,0.0,0.0,0.0,0.0,0.0,0.0,0.0,0.0,0.0,0.0,0.0,0.0,Anthony Miller BAL,43.95,292
0.0,0.0,0.0,0.0,0.0,57.1,245.0,1.9,0.7,43.9,RB,2025-08-14 15:04:27,8.5,69.0,0.4,0.0,0.0,0.0,0.0,0.0,0.0,0.0,0.0,0.0,0.0,0.0,0.0,Jarquez Hunter LAR,43.8,293
0.0,0.0,0.0,0.0,0.0,51.5,209.5,1.0,0.0,42.4,RB,2025-08-14 15:04:27,15.8,127.1,0.5,0.0,0.0,0.0,0.0,0.0,0.0,0.0,0.0,0.0,0.0,0.0,0.0,Antonio Gibson NE,42.66,294
0.0,0.0,0.0,0.0,0.0,0.0,0.0,0.0,0.0,0.0,K,2025-08-14 15:04:36,0.0,0.0,0.0,28.7,33.3,42.3,128.3,0.0,0.0,0.0,0.0,0.0,0.0,0.0,0.0,,42.3,295
0.0,0.0,0.0,0.0,0.0,0.0,0.0,0.0,0.0,0.0,K,2025-08-14 15:04:36,0.0,0.0,0.0,28.0,34.4,42.2,126.2,0.0,0.0,0.0,0.0,0.0,0.0,0.0,0.0,,42.2,296
0.0,0.0,0.0,0.0,0.0,0.0,0.0,0.0,0.0,41.9,WR,2025-08-14 15:04:30,22.5,301.5,2.0,0.0,0.0,0.0,0.0,0.0,0.0,0.0,0.0,0.0,0.0,0.0,0.0,Kayshon Boutte NE,42.15,297
0.0,0.0,0.0,0.0,0.0,62.5,235.9,1.9,0.1,42.2,RB,2025-08-14 15:04:27,8.5,49.6,0.4,0.0,0.0,0.0,0.0,0.0,0.0,0.0,0.0,0.0,0.0,0.0,0.0,Elijah Mitchell KC,42.15,298
0.0,0.0,0.0,0.0,0.0,0.0,0.0,0.0,0.4,41.7,TE,2025-08-14 15:04:33,30.0,288.7,2.3,0.0,0.0,0.0,0.0,0.0,0.0,0.0,0.0,0.0,0.0,0.0,0.0,Cole Kmet CHI,41.87,299
0.0,0.0,0.0,0.0,0.0,4.8,30.6,0.1,0.4,41.8,WR,2025-08-14 15:04:30,27.1,269.3,2.0,0.0,0.0,0.0,0.0,0.0,0.0,0.0,0.0,0.0,0.0,0.0,0.0,Greg Dortch ARI,41.79,300
